Topic,Topic Summary,Complete Summary,Comparison Period,Current Period,Data Source,Variables,Metric,Metric Type,Description,Internal Insight,Comparative Insight (Broad),Comparative Insight (Benchmarks),Comparative Insight (Peers),Comparative Insight (Peers - Detailed),Overall Insight,Math/Prompt Debug
Population,"Travis County’s population dynamics present a nuanced picture, reflecting its position within the larger Texas and us landscape. While representing a substantial portion of the broader metropolitan area, its growth rate lags noticeably behind several metropolitan areas and its peer average, aligning more closely with a regional comparative group within the united states. Despite this restrained trajectory compared to broader trends and metropolitan areas, Travis County demonstrates relative strength against national and state averages, as well as key metropolitan statistical areas like Dallas, Houston, and san antonio, indicating a performance exceeding benchmarks within the Wfsrca region.","Travis County’s demographic trends reflect broader shifts in the u.s. and texas, particularly a sustained increase in hispanic population and a convergence in median age with the austin metropolitan area, presenting a positive trajectory. The county’s growth is primarily driven by international migration, mirroring patterns across the western africa region and texas, alongside natural change, while maintaining a strong and highly-educated workforce characterized by exceptional labor force participation and a leading adoption of remote work arrangements. Despite a concerning rise in cost-burden among owner households, the county’s housing market remains favorable for renter households, and while income poverty rates lag behind regional peers, the county’s snap participation aligns favorably with broader texas and u.s. trends, suggesting localized economic strengths warranting further analysis.",2025,2025,components_of_change,"{""Value Type"": ""POPESTIMATE""}",Population,Numeric,Current population for the geography,"In 2025, Travis County recorded a population of 1.39 million.",Travis County's population of 1.39 million is smaller than Austin MSA (2.62 million).,Travis County's population of 1.39 million is smaller than Texas (31.71 million) and is smaller than US (341.78 million).,Travis County's population of 1.39 million is smaller than its peer average (5.14 million).,"Travis County's population of 1.39 million is smaller than its peer average of 5.14 million. Specifically, it is smaller than Dallas MSA (8.48 million), Houston MSA (7.90 million), and San Antonio MSA (2.81 million), while being nearly the same as WFSRCA Region (1.37 million).","Travis County represents a significant portion of the broader metropolitan area, yet its population is notably lower than surrounding metropolitan statistical areas and the national population, aligning more closely with a regional comparative group within the US.","Peer Detailed: Focus (Travis County): 1,389,670.0000 | Tol: +/-27,793.4000 | [WFSRCA Region (1,369,412.0000): SIM] [San Antonio MSA (2,813,140.0000): Focus<Peer] [Houston MSA (7,904,627.0000): Focus<Peer] [Dallas MSA (8,477,157.0000): Focus<Peer] | Peer Avg: 5,141,084.0000 -> Eval: Avg Smaller."
Population,"Travis County’s population dynamics present a nuanced picture, reflecting its position within the larger Texas and us landscape. While representing a substantial portion of the broader metropolitan area, its growth rate lags noticeably behind several metropolitan areas and its peer average, aligning more closely with a regional comparative group within the united states. Despite this restrained trajectory compared to broader trends and metropolitan areas, Travis County demonstrates relative strength against national and state averages, as well as key metropolitan statistical areas like Dallas, Houston, and san antonio, indicating a performance exceeding benchmarks within the Wfsrca region.","Travis County’s demographic trends reflect broader shifts in the u.s. and texas, particularly a sustained increase in hispanic population and a convergence in median age with the austin metropolitan area, presenting a positive trajectory. The county’s growth is primarily driven by international migration, mirroring patterns across the western africa region and texas, alongside natural change, while maintaining a strong and highly-educated workforce characterized by exceptional labor force participation and a leading adoption of remote work arrangements. Despite a concerning rise in cost-burden among owner households, the county’s housing market remains favorable for renter households, and while income poverty rates lag behind regional peers, the county’s snap participation aligns favorably with broader texas and u.s. trends, suggesting localized economic strengths warranting further analysis.",2024,2025,components_of_change,"{""Value Type"": ""POPESTIMATE""}",Recent Percentage Population Change,Percentage,Percent difference in population for the geography from previous to current,"Between 2024 and 2025, Travis County experienced a recent population change of 1.1%.",Travis County's recent population change of 1.1% is 1.0 percentage points lower than Austin MSA (2.1%).,Travis County's recent population change of 1.1% is 0.5 percentage points higher than US (0.5%) and is 0.2 percentage points lower than Texas (1.2%).,Travis County's recent population change of 1.1% is 0.8 percentage points lower than its peer average (1.9%).,"Travis County's recent population change of 1.1% is lower than its peer average of 1.9%. Specifically, it is lower than WFSRCA Region (3.0%), Houston MSA (1.6%), Dallas MSA (1.5%), and San Antonio MSA (1.4%).","Travis County’s recent population change demonstrates a performance that is notably lower than several metropolitan areas and its peer average, while exhibiting a relative advantage compared to national and state averages within the US, United States, WFSRCA Region, Dallas MSA, Houston MSA, San Antonio MSA, Texas.",Peer Detailed: Focus (Travis County): 1.0727 | Tol: +/-0.2000 | [San Antonio MSA (1.3840): Focus<Peer] [Dallas MSA (1.4791): Focus<Peer] [Houston MSA (1.6292): Focus<Peer] [WFSRCA Region (3.0455): Focus<Peer] | Peer Avg: 1.8845 -> Eval: Avg Lower.
Population,"Travis County’s population dynamics present a nuanced picture, reflecting its position within the larger Texas and us landscape. While representing a substantial portion of the broader metropolitan area, its growth rate lags noticeably behind several metropolitan areas and its peer average, aligning more closely with a regional comparative group within the united states. Despite this restrained trajectory compared to broader trends and metropolitan areas, Travis County demonstrates relative strength against national and state averages, as well as key metropolitan statistical areas like Dallas, Houston, and san antonio, indicating a performance exceeding benchmarks within the Wfsrca region.","Travis County’s demographic trends reflect broader shifts in the u.s. and texas, particularly a sustained increase in hispanic population and a convergence in median age with the austin metropolitan area, presenting a positive trajectory. The county’s growth is primarily driven by international migration, mirroring patterns across the western africa region and texas, alongside natural change, while maintaining a strong and highly-educated workforce characterized by exceptional labor force participation and a leading adoption of remote work arrangements. Despite a concerning rise in cost-burden among owner households, the county’s housing market remains favorable for renter households, and while income poverty rates lag behind regional peers, the county’s snap participation aligns favorably with broader texas and u.s. trends, suggesting localized economic strengths warranting further analysis.",1990,2025,components_of_change,"{""Value Type"": ""POPESTIMATE""}",Cumulative Percentage Population Change,Percentage,Percent difference in population for the geography from 1990 to current,"In 2025, Travis County recorded a cumulative population change of 139.2%.",Travis County's cumulative population change of 139.2% is 68.5 percentage points lower than Austin MSA (207.7%).,Travis County's cumulative population change of 139.2% is 102.3 percentage points higher than US (36.9%) and is 53.3 percentage points higher than Texas (85.9%).,Travis County's cumulative population change of 139.2% is 15.2 percentage points lower than its peer average (154.3%).,"Travis County's cumulative population change of 139.2% is lower than its peer average of 154.3%. Specifically, it is lower than WFSRCA Region (298.1%), while being higher than San Antonio MSA (99.4%), Houston MSA (108.5%), and Dallas MSA (111.4%).","Travis County’s population growth demonstrates a comparatively restrained trajectory when assessed against broader metropolitan areas, national trends, and its peer average, exhibiting a position that is notably lower than many comparable regions while exceeding several key benchmarks within the US, United States, Dallas MSA, Texas, WFSRCA Region and San Antonio MSA.",Peer Detailed: Focus (Travis County): 139.1760 | Tol: +/-2.7835 | [San Antonio MSA (99.3859): Focus>Peer] [Houston MSA (108.4550): Focus>Peer] [Dallas MSA (111.4252): Focus>Peer] [WFSRCA Region (298.0675): Focus<Peer] | Peer Avg: 154.3334 -> Eval: Avg Lower.
Drivers of Change,"Travis County’s trajectory of change is primarily shaped by international migration, a trend that extends across the Austin Metropolitan Statistical Area and the broader state of Texas, though with notable distinctions compared to national patterns and localized domestic migration dynamics. This emphasis on international migration is mirrored across several key peer regions, including the Houston, San Antonio, and Dallas MSAs, as well as Texas as a whole, while distinct migration patterns are particularly evident within the West Central Texas Regional Conservation Area (WFSRCA) and its associated peers. Furthermore, natural change, a consistent driver across Texas and a substantial group of comparable regions, contributes significantly to the overall cumulative dynamics of change observed in Travis County.","Travis County’s demographic trends reflect broader shifts in the u.s. and texas, particularly a sustained increase in hispanic population and a convergence in median age with the austin metropolitan area, presenting a positive trajectory. The county’s growth is primarily driven by international migration, mirroring patterns across the western africa region and texas, alongside natural change, while maintaining a strong and highly-educated workforce characterized by exceptional labor force participation and a leading adoption of remote work arrangements. Despite a concerning rise in cost-burden among owner households, the county’s housing market remains favorable for renter households, and while income poverty rates lag behind regional peers, the county’s snap participation aligns favorably with broader texas and u.s. trends, suggesting localized economic strengths warranting further analysis.",2025,2025,components_of_change,"{""Value Type"": ""NATURALCHG"", ""Value Type"": ""DOMESTICMIG"", ""Value Type"": ""INTERNATIONALMIG""}",Largest Driver of Change,Ordinal,Largest component of population change for the geography (or county-level counterpart) in current year,"In 2025, Travis County's primary largest driver of change was International Migration (+11,928).","while Travis County's primary largest driver of change is International Migration (+11,928), Austin MSA is primarily driven by Domestic Migration (+19,860).","Travis County and Texas both share International Migration as their primary largest driver of change, with Travis County at +11,928 and Texas at +167,475. Travis County and US both share International Migration as their primary largest driver of change, with Travis County at +11,928 and US at +1,262,202.","Travis County and its combined peers both share International Migration as their primary largest driver of change, with Travis County at +11,928 and its combined peers at +141,556.","Travis County's primary largest driver of change is International Migration (+11,928). It shares this primary category with Houston MSA (International Migration at +71,903) and Dallas MSA (International Migration at +55,444), but differs from WFSRCA Region (Domestic Migration at +28,142) and San Antonio MSA (Domestic Migration at +18,763). Overall, its combined peers also share International Migration as the primary category.","Travis County’s primary largest driver of change is demonstrably international migration, a trend mirrored across several key regions including the broader Austin MSA and Texas, while differing from specific peer comparisons and regional variations within its combined peers and the WFSRCA Region.","Peer Detailed: Focus (Travis County) Cat: International Migration (+11,928) | [San Antonio MSA: Domestic Migration (+18,763)] [Dallas MSA: International Migration (+55,444)] [WFSRCA Region: Domestic Migration (+28,142)] [Houston MSA: International Migration (+71,903)] "
Drivers of Change,"Travis County’s trajectory of change is primarily shaped by international migration, a trend that extends across the Austin Metropolitan Statistical Area and the broader state of Texas, though with notable distinctions compared to national patterns and localized domestic migration dynamics. This emphasis on international migration is mirrored across several key peer regions, including the Houston, San Antonio, and Dallas MSAs, as well as Texas as a whole, while distinct migration patterns are particularly evident within the West Central Texas Regional Conservation Area (WFSRCA) and its associated peers. Furthermore, natural change, a consistent driver across Texas and a substantial group of comparable regions, contributes significantly to the overall cumulative dynamics of change observed in Travis County.","Travis County’s demographic trends reflect broader shifts in the u.s. and texas, particularly a sustained increase in hispanic population and a convergence in median age with the austin metropolitan area, presenting a positive trajectory. The county’s growth is primarily driven by international migration, mirroring patterns across the western africa region and texas, alongside natural change, while maintaining a strong and highly-educated workforce characterized by exceptional labor force participation and a leading adoption of remote work arrangements. Despite a concerning rise in cost-burden among owner households, the county’s housing market remains favorable for renter households, and while income poverty rates lag behind regional peers, the county’s snap participation aligns favorably with broader texas and u.s. trends, suggesting localized economic strengths warranting further analysis.",2024,2025,components_of_change,"{""Value Type"": ""NATURALCHG"", ""Value Type"": ""DOMESTICMIG"", ""Value Type"": ""INTERNATIONALMIG""}",Recent Dynamics in Drivers of Change,Numeric,Difference in current largest component of population change for the geography (or county-level counterpart) from previous,"In 2025, Travis County's primary recent dynamics in drivers of change was International Migration (+11,928).","while Travis County's primary recent dynamics in drivers of change is International Migration (+11,928), Austin MSA is primarily driven by Domestic Migration (+19,860).","Travis County and Texas both share International Migration as their primary recent dynamics in drivers of change, with Travis County at +11,928 and Texas at +167,475. Travis County and US both share International Migration as their primary recent dynamics in drivers of change, with Travis County at +11,928 and US at +1,262,202.","Travis County and its combined peers both share International Migration as their primary recent dynamics in drivers of change, with Travis County at +11,928 and its combined peers at +141,556.","Travis County's primary recent dynamics in drivers of change is International Migration (+11,928). It shares this primary category with Houston MSA (International Migration at +71,903) and Dallas MSA (International Migration at +55,444), but differs from WFSRCA Region (Domestic Migration at +28,142) and San Antonio MSA (Domestic Migration at +18,763). Overall, its combined peers also share International Migration as the primary category.","Travis County exhibits a significant emphasis on international migration, a trend mirrored by several key peer regions while diverging from broader US and United States patterns and notably differing from localized domestic migration dynamics within its combined peers, the Houston MSA, San Antonio MSA, Dallas MSA, Texas, and the WFSRCA Region.","Peer Detailed: Focus (Travis County) Cat: International Migration (+11,928) | [Dallas MSA: International Migration (+55,444)] [Houston MSA: International Migration (+71,903)] [WFSRCA Region: Domestic Migration (+28,142)] [San Antonio MSA: Domestic Migration (+18,763)] "
Drivers of Change,"Travis County’s trajectory of change is primarily shaped by international migration, a trend that extends across the Austin Metropolitan Statistical Area and the broader state of Texas, though with notable distinctions compared to national patterns and localized domestic migration dynamics. This emphasis on international migration is mirrored across several key peer regions, including the Houston, San Antonio, and Dallas MSAs, as well as Texas as a whole, while distinct migration patterns are particularly evident within the West Central Texas Regional Conservation Area (WFSRCA) and its associated peers. Furthermore, natural change, a consistent driver across Texas and a substantial group of comparable regions, contributes significantly to the overall cumulative dynamics of change observed in Travis County.","Travis County’s demographic trends reflect broader shifts in the u.s. and texas, particularly a sustained increase in hispanic population and a convergence in median age with the austin metropolitan area, presenting a positive trajectory. The county’s growth is primarily driven by international migration, mirroring patterns across the western africa region and texas, alongside natural change, while maintaining a strong and highly-educated workforce characterized by exceptional labor force participation and a leading adoption of remote work arrangements. Despite a concerning rise in cost-burden among owner households, the county’s housing market remains favorable for renter households, and while income poverty rates lag behind regional peers, the county’s snap participation aligns favorably with broader texas and u.s. trends, suggesting localized economic strengths warranting further analysis.",1990,2025,components_of_change,"{""Value Type"": ""NATURALCHG"", ""Value Type"": ""DOMESTICMIG"", ""Value Type"": ""INTERNATIONALMIG""}",Cumulative Dynamics in Drivers of Change,Numeric,Largest cumulative component of population change for the geography (or county-level counterpart) from 1990 to current year,"In 2025, Travis County's primary cumulative dynamics in drivers of change was Natural Change (+344,450).","while Travis County's primary cumulative dynamics in drivers of change is Natural Change (+344,450), Austin MSA is primarily driven by Domestic Migration (+914,030).","Travis County and Texas both share Natural Change as their primary cumulative dynamics in drivers of change, with Travis County at +344,450 and Texas at +7,064,462. Travis County and US both share Natural Change as their primary cumulative dynamics in drivers of change, with Travis County at +344,450 and US at +49,389,449.","Travis County and its combined peers both share Natural Change as their primary cumulative dynamics in drivers of change, with Travis County at +344,450 and its combined peers at +4,638,876.","Travis County's primary cumulative dynamics in drivers of change is Natural Change (+344,450). It shares this primary category with Dallas MSA (Natural Change at +1,979,959) and Houston MSA (Natural Change at +1,934,595), but differs from WFSRCA Region (Domestic Migration at +783,635) and San Antonio MSA (Domestic Migration at +689,969). Overall, its combined peers also share Natural Change as the primary category.","Travis County’s primary cumulative dynamics in drivers of change are significantly influenced by natural change, a trend mirrored across Texas, the Us, and a substantial group of its combined peers, while distinct migration patterns are observed within the WFSRCA Region and its combined peers.","Peer Detailed: Focus (Travis County) Cat: Natural Change (+344,450) | [San Antonio MSA: Domestic Migration (+689,969)] [Houston MSA: Natural Change (+1,934,595)] [Dallas MSA: Natural Change (+1,979,959)] [WFSRCA Region: Domestic Migration (+783,635)] "
Demographics,"Demographic analysis of Travis County reveals a consistent pattern aligning with broader regional and national trends, particularly regarding age and race-ethnicity. The county’s primary population base remains concentrated in an older age group, mirroring shifts observed across the us, the Wfsrca region encompassing major metropolitan areas like Houston, San Antonio, Austin, and Dallas, as well as texas itself. Notably, Travis County exhibits a significant and sustained increase within its hispanic race-ethnicity population, a trend shared by numerous peer comparisons. Furthermore, while the county’s median age is comparatively younger than many surrounding metropolitan areas and the national average, it has recently shifted to align closely with the austin MSA and texas, presenting a positive trend exceeding Wfsrca region benchmarks.","Travis County’s demographic trends reflect broader shifts in the u.s. and texas, particularly a sustained increase in hispanic population and a convergence in median age with the austin metropolitan area, presenting a positive trajectory. The county’s growth is primarily driven by international migration, mirroring patterns across the western africa region and texas, alongside natural change, while maintaining a strong and highly-educated workforce characterized by exceptional labor force participation and a leading adoption of remote work arrangements. Despite a concerning rise in cost-burden among owner households, the county’s housing market remains favorable for renter households, and while income poverty rates lag behind regional peers, the county’s snap participation aligns favorably with broader texas and u.s. trends, suggesting localized economic strengths warranting further analysis.",2024,2024,population_pyramid,"{""Age Group Description""}",Largest Age Group,Ordinal,Largest cohort by age for the geography (or county-level counterpart) in current year,"In 2024, Travis County's primary largest age group was 30 to 34 (272,962).","Travis County and Austin MSA both share 30 to 34 as their primary largest age group, with Travis County at 272,962 and Austin MSA at 460,230.","Travis County and US both share 30 to 34 as their primary largest age group, with Travis County at 272,962 and US at 47.99 million. Travis County and Texas both share 30 to 34 as their primary largest age group, with Travis County at 272,962 and Texas at 4.66 million.","Travis County and its combined peers both share 30 to 34 as their primary largest age group, with Travis County at 272,962 and its combined peers at 3.06 million.","Travis County's primary largest age group is 30 to 34 (272,962). It shares this primary category with Dallas MSA (30 to 34 at 1.29 million), Houston MSA (30 to 34 at 1.16 million), and San Antonio MSA (30 to 34 at 414,052), but differs from WFSRCA Region (35 to 39 at 209,266). Overall, its combined peers also share 30 to 34 as the primary category.","Travis County exhibits the primary largest age group, a characteristic shared across numerous regional and state comparisons, including significant metropolitan areas and distinct demographic regions within the US, United States, its combined peers, such as Houston MSA, San Antonio MSA, Austin MSA, and Dallas MSA, alongside Texas and the WFSRCA Region.","Peer Detailed: Focus (Travis County) Cat: 30 to 34 (272,962) | [Dallas MSA: 30 to 34 (1.29 million)] [San Antonio MSA: 30 to 34 (414,052)] [Houston MSA: 30 to 34 (1.16 million)] [WFSRCA Region: 35 to 39 (209,266)] "
Demographics,"Demographic analysis of Travis County reveals a consistent pattern aligning with broader regional and national trends, particularly regarding age and race-ethnicity. The county’s primary population base remains concentrated in an older age group, mirroring shifts observed across the us, the Wfsrca region encompassing major metropolitan areas like Houston, San Antonio, Austin, and Dallas, as well as texas itself. Notably, Travis County exhibits a significant and sustained increase within its hispanic race-ethnicity population, a trend shared by numerous peer comparisons. Furthermore, while the county’s median age is comparatively younger than many surrounding metropolitan areas and the national average, it has recently shifted to align closely with the austin MSA and texas, presenting a positive trend exceeding Wfsrca region benchmarks.","Travis County’s demographic trends reflect broader shifts in the u.s. and texas, particularly a sustained increase in hispanic population and a convergence in median age with the austin metropolitan area, presenting a positive trajectory. The county’s growth is primarily driven by international migration, mirroring patterns across the western africa region and texas, alongside natural change, while maintaining a strong and highly-educated workforce characterized by exceptional labor force participation and a leading adoption of remote work arrangements. Despite a concerning rise in cost-burden among owner households, the county’s housing market remains favorable for renter households, and while income poverty rates lag behind regional peers, the county’s snap participation aligns favorably with broader texas and u.s. trends, suggesting localized economic strengths warranting further analysis.",2023,2024,population_pyramid,"{""Age Group Description""}",Largest Change in Age Group,Numeric,Largest change in age cohort for the geography (or county-level counterpart) from previous to current,"In 2024, Travis County's primary largest change in age group was 75 to 79 (+4,788).","while Travis County's primary largest change in age group is 75 to 79 (+4,788), Austin MSA is primarily driven by 40 to 44 (+13,844).","while Travis County's primary largest change in age group is 75 to 79 (+4,788), Texas is primarily driven by 20 to 24 (+115,112). Travis County and US both share 75 to 79 as their primary largest change in age group, with Travis County at +4,788 and US at +1,226,444.","while Travis County's primary largest change in age group is 75 to 79 (+4,788), its combined peers is primarily driven by 20 to 24 (+93,014).","Travis County's primary largest change in age group is 75 to 79 (+4,788). In contrast, the primary category differs for Houston MSA (20 to 24 at +43,226), Dallas MSA (30 to 34 at +37,276), San Antonio MSA (40 to 44 at +11,356), and WFSRCA Region (40 to 44 at +10,208). Overall, its combined peers are primarily driven by 20 to 24.","Travis County exhibits a significant shift in demographic trends, with a primary focus on an older age group, aligning with broader regional and national patterns while contrasting with specific shifts observed within its combined peers in the WFSRCA Region, US, United States, alongside Houston MSA, San Antonio MSA, Dallas MSA, and Texas.","Peer Detailed: Focus (Travis County) Cat: 75 to 79 (+4,788) | [San Antonio MSA: 40 to 44 (+11,356)] [WFSRCA Region: 40 to 44 (+10,208)] [Houston MSA: 20 to 24 (+43,226)] [Dallas MSA: 30 to 34 (+37,276)] "
Demographics,"Demographic analysis of Travis County reveals a consistent pattern aligning with broader regional and national trends, particularly regarding age and race-ethnicity. The county’s primary population base remains concentrated in an older age group, mirroring shifts observed across the us, the Wfsrca region encompassing major metropolitan areas like Houston, San Antonio, Austin, and Dallas, as well as texas itself. Notably, Travis County exhibits a significant and sustained increase within its hispanic race-ethnicity population, a trend shared by numerous peer comparisons. Furthermore, while the county’s median age is comparatively younger than many surrounding metropolitan areas and the national average, it has recently shifted to align closely with the austin MSA and texas, presenting a positive trend exceeding Wfsrca region benchmarks.","Travis County’s demographic trends reflect broader shifts in the u.s. and texas, particularly a sustained increase in hispanic population and a convergence in median age with the austin metropolitan area, presenting a positive trajectory. The county’s growth is primarily driven by international migration, mirroring patterns across the western africa region and texas, alongside natural change, while maintaining a strong and highly-educated workforce characterized by exceptional labor force participation and a leading adoption of remote work arrangements. Despite a concerning rise in cost-burden among owner households, the county’s housing market remains favorable for renter households, and while income poverty rates lag behind regional peers, the county’s snap participation aligns favorably with broader texas and u.s. trends, suggesting localized economic strengths warranting further analysis.",2024,2024,population_pyramid,"{""Variable Group Description""}",Largest Race-Ethnicity Group,Ordinal,Largest cohort by race-ethnicity for the geography (or county-level counterpart) in current year,"In 2024, Travis County's primary largest race-ethnicity group was White (637,377).","Travis County and Austin MSA both share White as their primary largest race-ethnicity group, with Travis County at 637,377 and Austin MSA at 1.23 million.","while Travis County's primary largest race-ethnicity group is White (637,377), Texas is primarily driven by Hispanic (12.60 million). Travis County and US both share White as their primary largest race-ethnicity group, with Travis County at 637,377 and US at 195.43 million.","Travis County and its combined peers both share White as their primary largest race-ethnicity group, with Travis County at 637,377 and its combined peers at 7.52 million.","Travis County's primary largest race-ethnicity group is White (637,377). It shares this primary category with Dallas MSA (White at 3.42 million) and WFSRCA Region (White at 689,395), but differs from Houston MSA (Hispanic at 3.05 million) and San Antonio MSA (Hispanic at 1.52 million). Overall, its combined peers also share White as the primary category.","Travis County exhibits a primary race-ethnicity group that aligns with broader regional and national demographics, differing from certain peer metropolitan areas while maintaining a consistent position as the primary category within its combined peers in the US, specifically within the WFSRCA Region encompassing Houston MSA, Dallas MSA, Austin MSA, and San Antonio MSA, located in Texas.","Peer Detailed: Focus (Travis County) Cat: White (637,377) | [Dallas MSA: White (3.42 million)] [San Antonio MSA: Hispanic (1.52 million)] [Houston MSA: Hispanic (3.05 million)] [WFSRCA Region: White (689,395)] "
Demographics,"Demographic analysis of Travis County reveals a consistent pattern aligning with broader regional and national trends, particularly regarding age and race-ethnicity. The county’s primary population base remains concentrated in an older age group, mirroring shifts observed across the us, the Wfsrca region encompassing major metropolitan areas like Houston, San Antonio, Austin, and Dallas, as well as texas itself. Notably, Travis County exhibits a significant and sustained increase within its hispanic race-ethnicity population, a trend shared by numerous peer comparisons. Furthermore, while the county’s median age is comparatively younger than many surrounding metropolitan areas and the national average, it has recently shifted to align closely with the austin MSA and texas, presenting a positive trend exceeding Wfsrca region benchmarks.","Travis County’s demographic trends reflect broader shifts in the u.s. and texas, particularly a sustained increase in hispanic population and a convergence in median age with the austin metropolitan area, presenting a positive trajectory. The county’s growth is primarily driven by international migration, mirroring patterns across the western africa region and texas, alongside natural change, while maintaining a strong and highly-educated workforce characterized by exceptional labor force participation and a leading adoption of remote work arrangements. Despite a concerning rise in cost-burden among owner households, the county’s housing market remains favorable for renter households, and while income poverty rates lag behind regional peers, the county’s snap participation aligns favorably with broader texas and u.s. trends, suggesting localized economic strengths warranting further analysis.",2023,2024,population_pyramid,"{""Variable Group Description""}",Largest Change in Race-Ethnicity Group,Numeric,Largest change in race-ethnicity cohort for the geography (or county-level counterpart) from previous to current,"In 2024, Travis County's primary largest change in race-ethnicity group was Hispanic (+9,098).","Travis County and Austin MSA both share Hispanic as their primary largest change in race-ethnicity group, with Travis County at +9,098 and Austin MSA at +27,834.","Travis County and US both share Hispanic as their primary largest change in race-ethnicity group, with Travis County at +9,098 and US at +1,943,997. Travis County and Texas both share Hispanic as their primary largest change in race-ethnicity group, with Travis County at +9,098 and Texas at +336,138.","Travis County and its combined peers both share Hispanic as their primary largest change in race-ethnicity group, with Travis County at +9,098 and its combined peers at +254,883.","Travis County's primary largest change in race-ethnicity group is Hispanic (+9,098). It shares this primary category with Houston MSA (Hispanic at +119,362), Dallas MSA (Hispanic at +82,060), San Antonio MSA (Hispanic at +33,516), and WFSRCA Region (Hispanic at +19,945). Overall, its combined peers also share Hispanic as the primary category.","Travis County demonstrates a significant increase within its Hispanic race-ethnicity group, a trend mirrored across a range of regional and peer comparisons, including the broader Houston MSA, the US, United States, Texas, and several major metropolitan statistical areas like the San Antonio MSA, Austin MSA, Dallas MSA, and its combined peers, the WFSRCA Region.","Peer Detailed: Focus (Travis County) Cat: Hispanic (+9,098) | [Houston MSA: Hispanic (+119,362)] [WFSRCA Region: Hispanic (+19,945)] [San Antonio MSA: Hispanic (+33,516)] [Dallas MSA: Hispanic (+82,060)] "
Demographics,"Demographic analysis of Travis County reveals a consistent pattern aligning with broader regional and national trends, particularly regarding age and race-ethnicity. The county’s primary population base remains concentrated in an older age group, mirroring shifts observed across the us, the Wfsrca region encompassing major metropolitan areas like Houston, San Antonio, Austin, and Dallas, as well as texas itself. Notably, Travis County exhibits a significant and sustained increase within its hispanic race-ethnicity population, a trend shared by numerous peer comparisons. Furthermore, while the county’s median age is comparatively younger than many surrounding metropolitan areas and the national average, it has recently shifted to align closely with the austin MSA and texas, presenting a positive trend exceeding Wfsrca region benchmarks.","Travis County’s demographic trends reflect broader shifts in the u.s. and texas, particularly a sustained increase in hispanic population and a convergence in median age with the austin metropolitan area, presenting a positive trajectory. The county’s growth is primarily driven by international migration, mirroring patterns across the western africa region and texas, alongside natural change, while maintaining a strong and highly-educated workforce characterized by exceptional labor force participation and a leading adoption of remote work arrangements. Despite a concerning rise in cost-burden among owner households, the county’s housing market remains favorable for renter households, and while income poverty rates lag behind regional peers, the county’s snap participation aligns favorably with broader texas and u.s. trends, suggesting localized economic strengths warranting further analysis.",2024,2024,ACS_Series,"{""Label"": ""Calc-Median Age""}",Median Age,Numeric,Median age of population for the geography in current year,"In 2024, Travis County recorded a median age of 35.6.",Travis County's median age of 35.6 is higher than Austin MSA (36.0).,Travis County's median age of 35.6 is identical to Texas and is higher than US (38.9).,Travis County's median age of 35.6 is higher than its peer average (35.3).,"Travis County's median age of 35.6 is nearly the same as its peer average of 35.3. Specifically, it is smaller than WFSRCA Region (37.7) and Cedar Park, TX (37.7), while being larger than Fountain, CO (30.0) and Austin City (34.7), while being nearly the same as San Antonio MSA (35.9), Houston MSA (35.4), and Dallas MSA (35.6).","Travis County exhibits a median age that is comparatively younger than many surrounding metropolitan areas and the national average, aligning closely with its peer average while presenting a notable distinction from broader regional comparisons within the US, including its peer average, Austin MSA, San Antonio MSA, and the WFSRCA Region.","Peer Detailed: Focus (Travis County): 35.6000 | Tol: +/-0.7120 | [Fountain, CO (30.0000): Focus>Peer] [Austin City (34.7000): Focus>Peer] [Houston MSA (35.4000): SIM] [Dallas MSA (35.6000): SIM] [San Antonio MSA (35.9000): SIM] [Cedar Park, TX (37.7000): Focus<Peer] [WFSRCA Region (37.7202): Focus<Peer] | Peer Avg: 35.2886 -> Eval: Avg Similar."
Demographics,"Demographic analysis of Travis County reveals a consistent pattern aligning with broader regional and national trends, particularly regarding age and race-ethnicity. The county’s primary population base remains concentrated in an older age group, mirroring shifts observed across the us, the Wfsrca region encompassing major metropolitan areas like Houston, San Antonio, Austin, and Dallas, as well as texas itself. Notably, Travis County exhibits a significant and sustained increase within its hispanic race-ethnicity population, a trend shared by numerous peer comparisons. Furthermore, while the county’s median age is comparatively younger than many surrounding metropolitan areas and the national average, it has recently shifted to align closely with the austin MSA and texas, presenting a positive trend exceeding Wfsrca region benchmarks.","Travis County’s demographic trends reflect broader shifts in the u.s. and texas, particularly a sustained increase in hispanic population and a convergence in median age with the austin metropolitan area, presenting a positive trajectory. The county’s growth is primarily driven by international migration, mirroring patterns across the western africa region and texas, alongside natural change, while maintaining a strong and highly-educated workforce characterized by exceptional labor force participation and a leading adoption of remote work arrangements. Despite a concerning rise in cost-burden among owner households, the county’s housing market remains favorable for renter households, and while income poverty rates lag behind regional peers, the county’s snap participation aligns favorably with broader texas and u.s. trends, suggesting localized economic strengths warranting further analysis.",2023,2024,ACS_Series,"{""Label"": ""Calc-Median Age""}",Change in Median Age,Numeric,Change in median age of population for the geography from previous to current year,"Between 2023 and 2024, Travis County experienced a change in median age of +0.1.",Travis County's change in median age of +0.1 is identical to Austin MSA.,Travis County's change in median age of +0.1 is identical to Texas and represents a smaller change compared to US (+0.2).,Travis County's change in median age of +0.1 represents a larger change compared to its peer average (-0.0).,"Travis County's change in median age of +0.1 is higher than its peer average of -0.0. Specifically, it is lower than Cedar Park, TX (+0.2), Austin City (+0.2), and San Antonio MSA (+0.2), while being higher than Fountain, CO (-1.1) and WFSRCA Region (+0.0), while being nearly the same as Dallas MSA (+0.1) and Houston MSA (+0.1).","Travis County demonstrated a notable shift in its median age, aligning closely with the broader Austin MSA and Texas, while presenting a comparatively positive trend relative to its peer average and exceeding WFSRCA Region benchmarks.","Peer Detailed: Focus (Travis County): 0.1000 | Tol: +/-0.0020 | [Fountain, CO (-1.1000): Focus>Peer] [WFSRCA Region (0.0224): Focus>Peer] [Dallas MSA (0.1000): SIM] [Houston MSA (0.1000): SIM] [San Antonio MSA (0.2000): Focus<Peer] [Cedar Park, TX (0.2000): Focus<Peer] [Austin City (0.2000): Focus<Peer] | Peer Avg: -0.0397 -> Eval: Avg Higher."
Workforce,"Travis County presents a remarkably strong and dynamic workforce, characterized by exceptionally high educational attainment among its 25+ population, with a significantly elevated proportion holding bachelor’s degrees or higher compared to national and regional benchmarks, including its Wfsrca region peers. Furthermore, the county boasts a robust labor force participation rate, exceeding national and state averages and demonstrating a notable shift in performance relative to surrounding metropolitan areas like Austin, Dallas, and Houston. Critically, Travis County also exhibits a high adoption of remote work arrangements, surpassing both regional and national trends and establishing a clear advantage within the Wfsrca region, indicating a flexible and engaged workforce.","Travis County’s demographic trends reflect broader shifts in the u.s. and texas, particularly a sustained increase in hispanic population and a convergence in median age with the austin metropolitan area, presenting a positive trajectory. The county’s growth is primarily driven by international migration, mirroring patterns across the western africa region and texas, alongside natural change, while maintaining a strong and highly-educated workforce characterized by exceptional labor force participation and a leading adoption of remote work arrangements. Despite a concerning rise in cost-burden among owner households, the county’s housing market remains favorable for renter households, and while income poverty rates lag behind regional peers, the county’s snap participation aligns favorably with broader texas and u.s. trends, suggesting localized economic strengths warranting further analysis.",2024,2024,ACS_Series,"{""Label"": ""Calc-Bachelors"", ""Label"": ""Calc-Graduate""}",Percent of 25+ population with Bachelor's degree or more education,Percentage,Percent of 25+ population with a bachelor's degree or more education in the the geography in the current year,"In 2024, Travis County recorded a of 25+ population with bachelor's degree or more education of 21.6%.",Travis County's of 25+ population with bachelor's degree or more education of 21.6% is 2.5 percentage points higher than Austin MSA (19.1%).,Travis County's of 25+ population with bachelor's degree or more education of 21.6% is 9.3 percentage points higher than Texas (12.3%) and is 7.5 percentage points higher than US (14.1%).,Travis County's of 25+ population with bachelor's degree or more education of 21.6% is 6.2 percentage points higher than its peer average (15.4%).,"Travis County's of 25+ population with bachelor's degree or more education of 21.6% is higher than its peer average of 15.4%. Specifically, it is lower than Austin City (23.0%), while being higher than Fountain, CO (10.1%), San Antonio MSA (12.2%), Houston MSA (13.7%), Dallas MSA (14.4%), WFSRCA Region (15.0%), and 1 others.","Travis County demonstrates a significantly elevated level of educational attainment among its 25+ population compared to broader regional and national benchmarks, exceeding peer comparisons and establishing a notable advantage within its immediate competitive landscape, including its peer average within the WFSRCA Region.","Peer Detailed: Focus (Travis County): 21.6078 | Tol: +/-0.4322 | [Fountain, CO (10.1354): Focus>Peer] [San Antonio MSA (12.1502): Focus>Peer] [Houston MSA (13.6907): Focus>Peer] [Dallas MSA (14.4196): Focus>Peer] [WFSRCA Region (15.0406): Focus>Peer] [Cedar Park, TX (19.2244): Focus>Peer] [Austin City (22.9895): Focus<Peer] | Peer Avg: 15.3786 -> Eval: Avg Higher."
Workforce,"Travis County presents a remarkably strong and dynamic workforce, characterized by exceptionally high educational attainment among its 25+ population, with a significantly elevated proportion holding bachelor’s degrees or higher compared to national and regional benchmarks, including its Wfsrca region peers. Furthermore, the county boasts a robust labor force participation rate, exceeding national and state averages and demonstrating a notable shift in performance relative to surrounding metropolitan areas like Austin, Dallas, and Houston. Critically, Travis County also exhibits a high adoption of remote work arrangements, surpassing both regional and national trends and establishing a clear advantage within the Wfsrca region, indicating a flexible and engaged workforce.","Travis County’s demographic trends reflect broader shifts in the u.s. and texas, particularly a sustained increase in hispanic population and a convergence in median age with the austin metropolitan area, presenting a positive trajectory. The county’s growth is primarily driven by international migration, mirroring patterns across the western africa region and texas, alongside natural change, while maintaining a strong and highly-educated workforce characterized by exceptional labor force participation and a leading adoption of remote work arrangements. Despite a concerning rise in cost-burden among owner households, the county’s housing market remains favorable for renter households, and while income poverty rates lag behind regional peers, the county’s snap participation aligns favorably with broader texas and u.s. trends, suggesting localized economic strengths warranting further analysis.",2023,2024,ACS_Series,"{""Label"": ""Calc-Bachelors"", ""Label"": ""Calc-Graduate""}",Change in percent of 25+ population with Bachelor's degree or more education,Percentage,Change in percent of 25+ population with a bachelor's degree or more education in the the geography from the previous to current year,"Between 2023 and 2024, Travis County experienced a change in of 25+ population with bachelor's degree or more education of 0.8%.",Travis County's change in of 25+ population with bachelor's degree or more education of 0.8% is 0.0 percentage points higher than Austin MSA (0.8%).,Travis County's change in of 25+ population with bachelor's degree or more education of 0.8% is 0.5 percentage points higher than US (0.3%) and is 0.4 percentage points higher than Texas (0.4%).,Travis County's change in of 25+ population with bachelor's degree or more education of 0.8% is 0.1 percentage points higher than its peer average (0.7%).,"Travis County's change in of 25+ population with bachelor's degree or more education of 0.8% is nearly the same as its peer average of 0.7%. Specifically, it is lower than Fountain, CO (1.3%), while being higher than San Antonio MSA (0.2%), Houston MSA (0.4%), and Dallas MSA (0.4%), while being nearly the same as Austin City (0.9%), Cedar Park, TX (0.8%), and WFSRCA Region (0.8%).","Travis County demonstrates a notably elevated trend in the 25+ population with bachelor’s degree or more education relative to the broader metropolitan area, the national average, and the majority of its peer comparisons, positioning it as a region with a particularly strong focus on higher education attainment within the US.","Peer Detailed: Focus (Travis County): 0.8054 | Tol: +/-0.2000 | [San Antonio MSA (0.2489): Focus>Peer] [Houston MSA (0.4437): Focus>Peer] [Dallas MSA (0.4468): Focus>Peer] [WFSRCA Region (0.8095): SIM] [Cedar Park, TX (0.8395): SIM] [Austin City (0.9309): SIM] [Fountain, CO (1.2669): Focus<Peer] | Peer Avg: 0.7123 -> Eval: Avg Similar."
Income,"Travis County presents a nuanced picture of income dynamics, characterized by a poverty rate that, while lower than national and state averages, still lags behind its regional and peer comparisons within the WFS Region and comparable metropolitan areas like Dallas, Austin, and San Antonio. Despite this, the county demonstrates a favorable trend aligning closely with broader Texas and U.S. indicators, particularly regarding snap participation, which has seen a slight increase relative to the Austin MSA and outperforms many peer communities. This suggests a localized strength in household benefit uptake, warranting further investigation into the factors driving these trends within the county’s unique economic landscape.","Travis County’s demographic trends reflect broader shifts in the u.s. and texas, particularly a sustained increase in hispanic population and a convergence in median age with the austin metropolitan area, presenting a positive trajectory. The county’s growth is primarily driven by international migration, mirroring patterns across the western africa region and texas, alongside natural change, while maintaining a strong and highly-educated workforce characterized by exceptional labor force participation and a leading adoption of remote work arrangements. Despite a concerning rise in cost-burden among owner households, the county’s housing market remains favorable for renter households, and while income poverty rates lag behind regional peers, the county’s snap participation aligns favorably with broader texas and u.s. trends, suggesting localized economic strengths warranting further analysis.",2024,2024,ACS_Series,"{""Label"": ""Calc-Pop below poverty line""}",Percent of population below poverty line,Percentage,Percent of population below poverty line in the the geography in the current year,"In 2024, Travis County recorded a of population below poverty line of 10.9%.",Travis County's of population below poverty line of 10.9% is 1.1 percentage points higher than Austin MSA (9.8%).,Travis County's of population below poverty line of 10.9% is 1.6 percentage points lower than US (12.5%) and is 2.9 percentage points lower than Texas (13.8%).,Travis County's of population below poverty line of 10.9% is 0.2 percentage points higher than its peer average (10.7%).,"Travis County's of population below poverty line of 10.9% is higher than its peer average of 10.7%. Specifically, it is lower than Houston MSA (13.9%), San Antonio MSA (13.4%), and Austin City (12.0%), while being higher than Cedar Park, TX (5.9%), WFSRCA Region (8.6%), Fountain, CO (10.3%), and Dallas MSA (10.5%).","Travis County exhibits a poverty rate that is comparatively lower than the national and state averages, yet remains elevated relative to its peer average within the WFSRCA Region and certain peer regions like the Dallas MSA, Austin MSA, and San Antonio MSA.","Peer Detailed: Focus (Travis County): 10.9000 | Tol: +/-0.2180 | [Cedar Park, TX (5.9000): Focus>Peer] [WFSRCA Region (8.5555): Focus>Peer] [Fountain, CO (10.3000): Focus>Peer] [Dallas MSA (10.5000): Focus>Peer] [Austin City (12.0000): Focus<Peer] [San Antonio MSA (13.4000): Focus<Peer] [Houston MSA (13.9000): Focus<Peer] | Peer Avg: 10.6508 -> Eval: Avg Higher."
Income,"Travis County presents a nuanced picture of income dynamics, characterized by a poverty rate that, while lower than national and state averages, still lags behind its regional and peer comparisons within the WFS Region and comparable metropolitan areas like Dallas, Austin, and San Antonio. Despite this, the county demonstrates a favorable trend aligning closely with broader Texas and U.S. indicators, particularly regarding snap participation, which has seen a slight increase relative to the Austin MSA and outperforms many peer communities. This suggests a localized strength in household benefit uptake, warranting further investigation into the factors driving these trends within the county’s unique economic landscape.","Travis County’s demographic trends reflect broader shifts in the u.s. and texas, particularly a sustained increase in hispanic population and a convergence in median age with the austin metropolitan area, presenting a positive trajectory. The county’s growth is primarily driven by international migration, mirroring patterns across the western africa region and texas, alongside natural change, while maintaining a strong and highly-educated workforce characterized by exceptional labor force participation and a leading adoption of remote work arrangements. Despite a concerning rise in cost-burden among owner households, the county’s housing market remains favorable for renter households, and while income poverty rates lag behind regional peers, the county’s snap participation aligns favorably with broader texas and u.s. trends, suggesting localized economic strengths warranting further analysis.",2023,2024,ACS_Series,"{""Label"": ""Calc-Pop below poverty line""}",Change in percent of population below poverty line,Percentage,Change in percent of population below poverty line in the the geography from the previous to current year,"Between 2023 and 2024, Travis County experienced a change in of population below poverty line of -0.1%.",Travis County's change in of population below poverty line of -0.1% is identical to Austin MSA.,Travis County's change in of population below poverty line of -0.1% is 0.1 percentage points lower than Texas (0.0%) and is 0.2 percentage points lower than US (0.1%).,Travis County's change in of population below poverty line of -0.1% is 0.3 percentage points lower than its peer average (0.2%).,"Travis County's change in of population below poverty line of -0.1% is lower than its peer average of 0.2%. Specifically, it is lower than Fountain, CO (1.6%), Houston MSA (0.3%), and Cedar Park, TX (0.2%), while being higher than Austin City (-0.3%), while being nearly the same as San Antonio MSA (0.0%), Dallas MSA (0.0%), and WFSRCA Region (-0.2%).","Travis County demonstrates a comparatively favorable trend within the primary category, exhibiting a performance lower than regional and peer benchmarks, while aligning closely with broader Texas and United States indicators.","Peer Detailed: Focus (Travis County): -0.1000 | Tol: +/-0.2000 | [Austin City (-0.3000): Focus>Peer] [WFSRCA Region (-0.1614): SIM] [San Antonio MSA (0.0000): SIM] [Dallas MSA (0.0000): SIM] [Cedar Park, TX (0.2000): Focus<Peer] [Houston MSA (0.3000): Focus<Peer] [Fountain, CO (1.6000): Focus<Peer] | Peer Avg: 0.2341 -> Eval: Avg Lower."
Income,"Travis County presents a nuanced picture of income dynamics, characterized by a poverty rate that, while lower than national and state averages, still lags behind its regional and peer comparisons within the WFS Region and comparable metropolitan areas like Dallas, Austin, and San Antonio. Despite this, the county demonstrates a favorable trend aligning closely with broader Texas and U.S. indicators, particularly regarding snap participation, which has seen a slight increase relative to the Austin MSA and outperforms many peer communities. This suggests a localized strength in household benefit uptake, warranting further investigation into the factors driving these trends within the county’s unique economic landscape.","Travis County’s demographic trends reflect broader shifts in the u.s. and texas, particularly a sustained increase in hispanic population and a convergence in median age with the austin metropolitan area, presenting a positive trajectory. The county’s growth is primarily driven by international migration, mirroring patterns across the western africa region and texas, alongside natural change, while maintaining a strong and highly-educated workforce characterized by exceptional labor force participation and a leading adoption of remote work arrangements. Despite a concerning rise in cost-burden among owner households, the county’s housing market remains favorable for renter households, and while income poverty rates lag behind regional peers, the county’s snap participation aligns favorably with broader texas and u.s. trends, suggesting localized economic strengths warranting further analysis.",2024,2024,ACS_Series,"{""Label"": ""Calc-SNAP""}",Percent of households receiving SNAP,Percentage,Percent of households receiving SNAP in the the geography in the current year,"In 2024, Travis County recorded a of households receiving snap of 5.6%.",Travis County's of households receiving snap of 5.6% is 0.2 percentage points higher than Austin MSA (5.4%).,Travis County's of households receiving snap of 5.6% is 5.8 percentage points lower than Texas (11.4%) and is 6.5 percentage points lower than US (12.1%).,Travis County's of households receiving snap of 5.6% is 2.6 percentage points lower than its peer average (8.2%).,"Travis County's of households receiving snap of 5.6% is lower than its peer average of 8.2%. Specifically, it is lower than San Antonio MSA (12.5%), Houston MSA (11.6%), Fountain, CO (11.1%), and Dallas MSA (8.0%), while being higher than Cedar Park, TX (3.1%), while being nearly the same as Austin City (5.7%) and WFSRCA Region (5.4%).","Travis County’s participation in the program represents a significantly lower proportion compared to broader metropolitan areas, peer cities, and its peer average, while exhibiting a slight increase relative to the Austin MSA.","Peer Detailed: Focus (Travis County): 5.5685 | Tol: +/-0.2000 | [Cedar Park, TX (3.1320): Focus>Peer] [WFSRCA Region (5.4249): SIM] [Austin City (5.7137): SIM] [Dallas MSA (8.0411): Focus<Peer] [Fountain, CO (11.0867): Focus<Peer] [Houston MSA (11.6004): Focus<Peer] [San Antonio MSA (12.4662): Focus<Peer] | Peer Avg: 8.2093 -> Eval: Avg Lower."
Income,"Travis County presents a nuanced picture of income dynamics, characterized by a poverty rate that, while lower than national and state averages, still lags behind its regional and peer comparisons within the WFS Region and comparable metropolitan areas like Dallas, Austin, and San Antonio. Despite this, the county demonstrates a favorable trend aligning closely with broader Texas and U.S. indicators, particularly regarding snap participation, which has seen a slight increase relative to the Austin MSA and outperforms many peer communities. This suggests a localized strength in household benefit uptake, warranting further investigation into the factors driving these trends within the county’s unique economic landscape.","Travis County’s demographic trends reflect broader shifts in the u.s. and texas, particularly a sustained increase in hispanic population and a convergence in median age with the austin metropolitan area, presenting a positive trajectory. The county’s growth is primarily driven by international migration, mirroring patterns across the western africa region and texas, alongside natural change, while maintaining a strong and highly-educated workforce characterized by exceptional labor force participation and a leading adoption of remote work arrangements. Despite a concerning rise in cost-burden among owner households, the county’s housing market remains favorable for renter households, and while income poverty rates lag behind regional peers, the county’s snap participation aligns favorably with broader texas and u.s. trends, suggesting localized economic strengths warranting further analysis.",2023,2024,ACS_Series,"{""Label"": ""Calc-SNAP""}",Change in percent of households receiving SNAP,Percentage,Change in percent of households receiving SNAP in the the geography from the previous to current year,"Between 2023 and 2024, Travis County experienced a change in of households receiving snap of -0.4%.",Travis County's change in of households receiving snap of -0.4% is 0.1 percentage points lower than Austin MSA (-0.3%).,Travis County's change in of households receiving snap of -0.4% is 0.3 percentage points lower than Texas (-0.1%) and is 0.6 percentage points lower than US (0.3%).,Travis County's change in of households receiving snap of -0.4% is 0.4 percentage points lower than its peer average (0.1%).,"Travis County's change in of households receiving snap of -0.4% is lower than its peer average of 0.1%. Specifically, it is lower than Fountain, CO (1.5%), Houston MSA (0.1%), Dallas MSA (-0.1%), WFSRCA Region (-0.1%), and San Antonio MSA (-0.1%), while being nearly the same as Cedar Park, TX (-0.3%) and Austin City (-0.4%).","Travis County’s shift in the proportion of households receiving SNAP demonstrates a comparatively favorable trend relative to the Austin MSA, Texas, the United States, and a range of peer communities.”","Peer Detailed: Focus (Travis County): -0.3575 | Tol: +/-0.2000 | [Austin City (-0.4440): SIM] [Cedar Park, TX (-0.2520): SIM] [San Antonio MSA (-0.0855): Focus<Peer] [WFSRCA Region (-0.0840): Focus<Peer] [Dallas MSA (-0.0825): Focus<Peer] [Houston MSA (0.0572): Focus<Peer] [Fountain, CO (1.4889): Focus<Peer] | Peer Avg: 0.0854 -> Eval: Avg Lower."
Workforce,"Travis County presents a remarkably strong and dynamic workforce, characterized by exceptionally high educational attainment among its 25+ population, with a significantly elevated proportion holding bachelor’s degrees or higher compared to national and regional benchmarks, including its Wfsrca region peers. Furthermore, the county boasts a robust labor force participation rate, exceeding national and state averages and demonstrating a notable shift in performance relative to surrounding metropolitan areas like Austin, Dallas, and Houston. Critically, Travis County also exhibits a high adoption of remote work arrangements, surpassing both regional and national trends and establishing a clear advantage within the Wfsrca region, indicating a flexible and engaged workforce.","Travis County’s demographic trends reflect broader shifts in the u.s. and texas, particularly a sustained increase in hispanic population and a convergence in median age with the austin metropolitan area, presenting a positive trajectory. The county’s growth is primarily driven by international migration, mirroring patterns across the western africa region and texas, alongside natural change, while maintaining a strong and highly-educated workforce characterized by exceptional labor force participation and a leading adoption of remote work arrangements. Despite a concerning rise in cost-burden among owner households, the county’s housing market remains favorable for renter households, and while income poverty rates lag behind regional peers, the county’s snap participation aligns favorably with broader texas and u.s. trends, suggesting localized economic strengths warranting further analysis.",2024,2024,ACS_Series,"{""Label"": ""Calc-LFPR""}",Labor force participation rate,Percentage,Labor force participation rate in the the geography in the current year,"In 2024, Travis County recorded a labor force participation rate of 73.3%.",Travis County's labor force participation rate of 73.3% is 1.9 percentage points higher than Austin MSA (71.4%).,Travis County's labor force participation rate of 73.3% is 9.8 percentage points higher than US (63.5%) and is 8.0 percentage points higher than Texas (65.3%).,Travis County's labor force participation rate of 73.3% is 4.0 percentage points higher than its peer average (69.3%).,"Travis County's labor force participation rate of 73.3% is higher than its peer average of 69.3%. Specifically, it is lower than Austin City (75.2%), while being higher than San Antonio MSA (64.9%), Houston MSA (66.4%), WFSRCA Region (67.5%), Dallas MSA (69.1%), Fountain, CO (70.8%), and 1 others.","Travis County demonstrates a significantly elevated labor force participation rate relative to both the national and state averages, as well as its peer average, indicating a robust and dynamic workforce within the WFSRCA Region.","Peer Detailed: Focus (Travis County): 73.3022 | Tol: +/-1.4660 | [San Antonio MSA (64.9343): Focus>Peer] [Houston MSA (66.3818): Focus>Peer] [WFSRCA Region (67.5330): Focus>Peer] [Dallas MSA (69.1269): Focus>Peer] [Fountain, CO (70.7875): Focus>Peer] [Cedar Park, TX (70.9440): Focus>Peer] [Austin City (75.2175): Focus<Peer] | Peer Avg: 69.2750 -> Eval: Avg Higher."
Workforce,"Travis County presents a remarkably strong and dynamic workforce, characterized by exceptionally high educational attainment among its 25+ population, with a significantly elevated proportion holding bachelor’s degrees or higher compared to national and regional benchmarks, including its Wfsrca region peers. Furthermore, the county boasts a robust labor force participation rate, exceeding national and state averages and demonstrating a notable shift in performance relative to surrounding metropolitan areas like Austin, Dallas, and Houston. Critically, Travis County also exhibits a high adoption of remote work arrangements, surpassing both regional and national trends and establishing a clear advantage within the Wfsrca region, indicating a flexible and engaged workforce.","Travis County’s demographic trends reflect broader shifts in the u.s. and texas, particularly a sustained increase in hispanic population and a convergence in median age with the austin metropolitan area, presenting a positive trajectory. The county’s growth is primarily driven by international migration, mirroring patterns across the western africa region and texas, alongside natural change, while maintaining a strong and highly-educated workforce characterized by exceptional labor force participation and a leading adoption of remote work arrangements. Despite a concerning rise in cost-burden among owner households, the county’s housing market remains favorable for renter households, and while income poverty rates lag behind regional peers, the county’s snap participation aligns favorably with broader texas and u.s. trends, suggesting localized economic strengths warranting further analysis.",2023,2024,ACS_Series,"{""Label"": ""Calc-LFPR""}",Change in labor force participation rate,Percentage,Change in labor force participation rate in the the geography from the previous to current year,"Between 2023 and 2024, Travis County experienced a change in labor force participation rate of 0.1%.",Travis County's change in labor force participation rate of 0.1% is 0.0 percentage points higher than Austin MSA (0.1%).,Travis County's change in labor force participation rate of 0.1% is 0.2 percentage points higher than US (-0.0%) and is 0.1 percentage points higher than Texas (0.0%).,Travis County's change in labor force participation rate of 0.1% is 0.1 percentage points lower than its peer average (0.2%).,"Travis County's change in labor force participation rate of 0.1% is nearly the same as its peer average of 0.2%. Specifically, it is lower than Fountain, CO (1.6%), while being higher than San Antonio MSA (-0.2%) and Cedar Park, TX (-0.2%), while being nearly the same as Dallas MSA (-0.1%), Houston MSA (-0.0%), Austin City (0.2%), and WFSRCA Region (0.2%).","Travis County demonstrated a notable shift in labor force participation relative to the broader metropolitan area, the national average, and its peer average, positioning it as a comparatively stronger performer than many surrounding regions, including its peer average within the WFSRCA Region.","Peer Detailed: Focus (Travis County): 0.1149 | Tol: +/-0.2000 | [San Antonio MSA (-0.2366): Focus>Peer] [Cedar Park, TX (-0.1947): Focus>Peer] [Dallas MSA (-0.0835): SIM] [Houston MSA (-0.0309): SIM] [WFSRCA Region (0.2066): SIM] [Austin City (0.2289): SIM] [Fountain, CO (1.6342): Focus<Peer] | Peer Avg: 0.2177 -> Eval: Avg Similar."
Workforce,"Travis County presents a remarkably strong and dynamic workforce, characterized by exceptionally high educational attainment among its 25+ population, with a significantly elevated proportion holding bachelor’s degrees or higher compared to national and regional benchmarks, including its Wfsrca region peers. Furthermore, the county boasts a robust labor force participation rate, exceeding national and state averages and demonstrating a notable shift in performance relative to surrounding metropolitan areas like Austin, Dallas, and Houston. Critically, Travis County also exhibits a high adoption of remote work arrangements, surpassing both regional and national trends and establishing a clear advantage within the Wfsrca region, indicating a flexible and engaged workforce.","Travis County’s demographic trends reflect broader shifts in the u.s. and texas, particularly a sustained increase in hispanic population and a convergence in median age with the austin metropolitan area, presenting a positive trajectory. The county’s growth is primarily driven by international migration, mirroring patterns across the western africa region and texas, alongside natural change, while maintaining a strong and highly-educated workforce characterized by exceptional labor force participation and a leading adoption of remote work arrangements. Despite a concerning rise in cost-burden among owner households, the county’s housing market remains favorable for renter households, and while income poverty rates lag behind regional peers, the county’s snap participation aligns favorably with broader texas and u.s. trends, suggesting localized economic strengths warranting further analysis.",2024,2024,ACS_Series,"{""Label"": ""Calc-Worked from home""}",Percent of workers working from home,Percentage,Percent of workers working from home in the the geography in the current year,"In 2024, Travis County recorded a of workers working from home of 30.2%.",Travis County's of workers working from home of 30.2% is 3.4 percentage points higher than Austin MSA (26.8%).,Travis County's of workers working from home of 30.2% is 15.8 percentage points higher than Texas (14.4%) and is 15.1 percentage points higher than US (15.1%).,Travis County's of workers working from home of 30.2% is 10.4 percentage points higher than its peer average (19.8%).,"Travis County's of workers working from home of 30.2% is higher than its peer average of 19.8%. Specifically, it is higher than Fountain, CO (10.7%), Houston MSA (13.4%), San Antonio MSA (14.9%), Dallas MSA (17.8%), and WFSRCA Region (21.3%), while being nearly the same as Austin City (30.7%) and Cedar Park, TX (29.9%).","Travis County demonstrates a significantly elevated adoption of remote work compared to both broader regional benchmarks and its peer average, representing a notably higher proportion of its workforce operating from home than the national average and many surrounding metropolitan areas, including Austin MSA, Dallas MSA, and its peer average within the WFSRCA Region.","Peer Detailed: Focus (Travis County): 30.1946 | Tol: +/-0.6039 | [Fountain, CO (10.7027): Focus>Peer] [Houston MSA (13.4488): Focus>Peer] [San Antonio MSA (14.8567): Focus>Peer] [Dallas MSA (17.7948): Focus>Peer] [WFSRCA Region (21.3431): Focus>Peer] [Cedar Park, TX (29.8973): SIM] [Austin City (30.6857): SIM] | Peer Avg: 19.8185 -> Eval: Avg Higher."
Workforce,"Travis County presents a remarkably strong and dynamic workforce, characterized by exceptionally high educational attainment among its 25+ population, with a significantly elevated proportion holding bachelor’s degrees or higher compared to national and regional benchmarks, including its Wfsrca region peers. Furthermore, the county boasts a robust labor force participation rate, exceeding national and state averages and demonstrating a notable shift in performance relative to surrounding metropolitan areas like Austin, Dallas, and Houston. Critically, Travis County also exhibits a high adoption of remote work arrangements, surpassing both regional and national trends and establishing a clear advantage within the Wfsrca region, indicating a flexible and engaged workforce.","Travis County’s demographic trends reflect broader shifts in the u.s. and texas, particularly a sustained increase in hispanic population and a convergence in median age with the austin metropolitan area, presenting a positive trajectory. The county’s growth is primarily driven by international migration, mirroring patterns across the western africa region and texas, alongside natural change, while maintaining a strong and highly-educated workforce characterized by exceptional labor force participation and a leading adoption of remote work arrangements. Despite a concerning rise in cost-burden among owner households, the county’s housing market remains favorable for renter households, and while income poverty rates lag behind regional peers, the county’s snap participation aligns favorably with broader texas and u.s. trends, suggesting localized economic strengths warranting further analysis.",2023,2024,ACS_Series,"{""Label"": ""Calc-Worked from home""}",Change in percent of workers working from home,Percentage,Change in percent of workers working from home in the the geography from the previous to current year,"Between 2023 and 2024, Travis County experienced a change in of workers working from home of 3.0%.",Travis County's change in of workers working from home of 3.0% is 0.5 percentage points higher than Austin MSA (2.6%).,Travis County's change in of workers working from home of 3.0% is 1.5 percentage points higher than Texas (1.5%) and is 1.4 percentage points higher than US (1.6%).,Travis County's change in of workers working from home of 3.0% is 0.9 percentage points higher than its peer average (2.1%).,"Travis County's change in of workers working from home of 3.0% is higher than its peer average of 2.1%. Specifically, it is higher than Houston MSA (1.5%), San Antonio MSA (1.8%), Dallas MSA (1.8%), WFSRCA Region (2.0%), Cedar Park, TX (2.1%), and 1 others, while being nearly the same as Austin City (3.2%).","Travis County demonstrates a notably elevated adoption of remote work arrangements relative to key regional, state, and national benchmarks, surpassing peer comparisons and exhibiting a significant divergence from broader metropolitan areas within its peer average, including Houston MSA, Dallas MSA, Austin MSA, and Austin City, Texas.","Peer Detailed: Focus (Travis County): 3.0189 | Tol: +/-0.2000 | [Houston MSA (1.5082): Focus>Peer] [San Antonio MSA (1.8094): Focus>Peer] [Dallas MSA (1.8464): Focus>Peer] [WFSRCA Region (2.0411): Focus>Peer] [Cedar Park, TX (2.1174): Focus>Peer] [Fountain, CO (2.1647): Focus>Peer] [Austin City (3.1565): SIM] | Peer Avg: 2.0919 -> Eval: Avg Higher."
Housing,"Analysis of housing affordability within Travis County reveals a complex picture, characterized by a notably favorable trend for renter households where the proportion experiencing cost-burden significantly outperforms regional and national benchmarks, including the Austin, Dallas, and Wfsrca metropolitan areas. While Travis County’s cost-burdened renter rate remains below national averages, a concerning trend exists regarding owner households, exhibiting a substantially elevated level of cost-burden compared to the Austin MSA, Texas, and several peer communities. Despite this, Travis County continues to demonstrate a comparatively favorable trend in owner household cost-burden rates, outperforming the broader metropolitan area and most regional comparisons.","Travis County’s demographic trends reflect broader shifts in the u.s. and texas, particularly a sustained increase in hispanic population and a convergence in median age with the austin metropolitan area, presenting a positive trajectory. The county’s growth is primarily driven by international migration, mirroring patterns across the western africa region and texas, alongside natural change, while maintaining a strong and highly-educated workforce characterized by exceptional labor force participation and a leading adoption of remote work arrangements. Despite a concerning rise in cost-burden among owner households, the county’s housing market remains favorable for renter households, and while income poverty rates lag behind regional peers, the county’s snap participation aligns favorably with broader texas and u.s. trends, suggesting localized economic strengths warranting further analysis.",2024,2024,ACS_Series,"{""Label"": ""Calc-Cost Burden Renters""}",Percent of renter households that are cost-burdened,Percentage,Percent of renter households that are cost-burdened in the the geography in the current year,"In 2024, Travis County recorded a of renter households that are cost-burdened of 48.5%.",Travis County's of renter households that are cost-burdened of 48.5% is 0.7 percentage points lower than Austin MSA (49.1%).,Travis County's of renter households that are cost-burdened of 48.5% is 2.6 percentage points lower than US (51.1%) and is 3.3 percentage points lower than Texas (51.7%).,Travis County's of renter households that are cost-burdened of 48.5% is 5.7 percentage points lower than its peer average (54.2%).,"Travis County's of renter households that are cost-burdened of 48.5% is lower than its peer average of 54.2%. Specifically, it is lower than Fountain, CO (71.0%), Houston MSA (53.1%), San Antonio MSA (52.9%), Dallas MSA (52.4%), Cedar Park, TX (52.0%), and 1 others, while being nearly the same as Austin City (47.7%).","Travis County demonstrates a comparatively favorable situation regarding the proportion of renter households experiencing cost-burden, significantly outperforming the broader metropolitan area, national, and state averages, as well as several peer communities in its peer average, including Austin MSA, Dallas MSA, and WFSRCA Region.","Peer Detailed: Focus (Travis County): 48.4683 | Tol: +/-0.9694 | [Austin City (47.7481): SIM] [WFSRCA Region (50.3154): Focus<Peer] [Cedar Park, TX (52.0218): Focus<Peer] [Dallas MSA (52.3507): Focus<Peer] [San Antonio MSA (52.9066): Focus<Peer] [Houston MSA (53.1187): Focus<Peer] [Fountain, CO (71.0113): Focus<Peer] | Peer Avg: 54.2104 -> Eval: Avg Lower."
Housing,"Analysis of housing affordability within Travis County reveals a complex picture, characterized by a notably favorable trend for renter households where the proportion experiencing cost-burden significantly outperforms regional and national benchmarks, including the Austin, Dallas, and Wfsrca metropolitan areas. While Travis County’s cost-burdened renter rate remains below national averages, a concerning trend exists regarding owner households, exhibiting a substantially elevated level of cost-burden compared to the Austin MSA, Texas, and several peer communities. Despite this, Travis County continues to demonstrate a comparatively favorable trend in owner household cost-burden rates, outperforming the broader metropolitan area and most regional comparisons.","Travis County’s demographic trends reflect broader shifts in the u.s. and texas, particularly a sustained increase in hispanic population and a convergence in median age with the austin metropolitan area, presenting a positive trajectory. The county’s growth is primarily driven by international migration, mirroring patterns across the western africa region and texas, alongside natural change, while maintaining a strong and highly-educated workforce characterized by exceptional labor force participation and a leading adoption of remote work arrangements. Despite a concerning rise in cost-burden among owner households, the county’s housing market remains favorable for renter households, and while income poverty rates lag behind regional peers, the county’s snap participation aligns favorably with broader texas and u.s. trends, suggesting localized economic strengths warranting further analysis.",2023,2024,ACS_Series,"{""Label"": ""Calc-Cost Burden Renters""}",Change in percent of renter households that are cost-burdened,Percentage,Change in percent of renter households that are cost-burdened in the the geography from the previous to current year,"Between 2023 and 2024, Travis County experienced a change in of renter households that are cost-burdened of 0.9%.",Travis County's change in of renter households that are cost-burdened of 0.9% is 0.2 percentage points higher than Austin MSA (0.7%).,Travis County's change in of renter households that are cost-burdened of 0.9% is 0.1 percentage points higher than US (0.8%) and is 0.1 percentage points lower than Texas (1.0%).,Travis County's change in of renter households that are cost-burdened of 0.9% is 1.0 percentage points lower than its peer average (1.9%).,"Travis County's change in of renter households that are cost-burdened of 0.9% is lower than its peer average of 1.9%. Specifically, it is lower than Fountain, CO (9.2%), Dallas MSA (1.4%), and San Antonio MSA (1.2%), while being higher than Cedar Park, TX (-0.2%), WFSRCA Region (0.2%), and Austin City (0.3%), while being nearly the same as Houston MSA (1.0%).","Travis County’s change in the proportion of renter households experiencing cost-burden reflects a trend that is notably lower than the national and state averages, yet surpasses its peer average within the WFSRCA Region and falls below a defined peer group benchmark in the US, specifically in the Austin MSA, San Antonio MSA, and its peer average.","Peer Detailed: Focus (Travis County): 0.8739 | Tol: +/-0.2000 | [Cedar Park, TX (-0.1606): Focus>Peer] [WFSRCA Region (0.2481): Focus>Peer] [Austin City (0.2792): Focus>Peer] [Houston MSA (0.9742): SIM] [San Antonio MSA (1.1557): Focus<Peer] [Dallas MSA (1.3944): Focus<Peer] [Fountain, CO (9.2413): Focus<Peer] | Peer Avg: 1.8760 -> Eval: Avg Lower."
Housing,"Analysis of housing affordability within Travis County reveals a complex picture, characterized by a notably favorable trend for renter households where the proportion experiencing cost-burden significantly outperforms regional and national benchmarks, including the Austin, Dallas, and Wfsrca metropolitan areas. While Travis County’s cost-burdened renter rate remains below national averages, a concerning trend exists regarding owner households, exhibiting a substantially elevated level of cost-burden compared to the Austin MSA, Texas, and several peer communities. Despite this, Travis County continues to demonstrate a comparatively favorable trend in owner household cost-burden rates, outperforming the broader metropolitan area and most regional comparisons.","Travis County’s demographic trends reflect broader shifts in the u.s. and texas, particularly a sustained increase in hispanic population and a convergence in median age with the austin metropolitan area, presenting a positive trajectory. The county’s growth is primarily driven by international migration, mirroring patterns across the western africa region and texas, alongside natural change, while maintaining a strong and highly-educated workforce characterized by exceptional labor force participation and a leading adoption of remote work arrangements. Despite a concerning rise in cost-burden among owner households, the county’s housing market remains favorable for renter households, and while income poverty rates lag behind regional peers, the county’s snap participation aligns favorably with broader texas and u.s. trends, suggesting localized economic strengths warranting further analysis.",2024,2024,ACS_Series,"{""Label"": ""Calc-Cost Burden Owners""}",Percent of owner households that are cost-burdened,Percentage,Percent of owner households that are cost-burdened in the the geography in the current year,"In 2024, Travis County recorded a of owner households that are cost-burdened of 24.1%.",Travis County's of owner households that are cost-burdened of 24.1% is 0.9 percentage points higher than Austin MSA (23.2%).,Travis County's of owner households that are cost-burdened of 24.1% is 1.5 percentage points higher than Texas (22.6%) and is 1.4 percentage points higher than US (22.7%).,Travis County's of owner households that are cost-burdened of 24.1% is 1.0 percentage points higher than its peer average (23.1%).,"Travis County's of owner households that are cost-burdened of 24.1% is higher than its peer average of 23.1%. Specifically, it is lower than Fountain, CO (25.7%), while being higher than Cedar Park, TX (19.8%), WFSRCA Region (22.1%), San Antonio MSA (23.1%), and Houston MSA (23.6%), while being nearly the same as Dallas MSA (23.6%) and Austin City (23.9%).","Travis County exhibits a notably elevated level of cost-burdened owner households relative to the Austin MSA, Texas, the United States, and a selection of comparable peer regions, representing a significant portion above its peer average.","Peer Detailed: Focus (Travis County): 24.1181 | Tol: +/-0.4824 | [Cedar Park, TX (19.8059): Focus>Peer] [WFSRCA Region (22.0748): Focus>Peer] [San Antonio MSA (23.0986): Focus>Peer] [Houston MSA (23.5907): Focus>Peer] [Dallas MSA (23.6367): SIM] [Austin City (23.8823): SIM] [Fountain, CO (25.7006): Focus<Peer] | Peer Avg: 23.1128 -> Eval: Avg Higher."
Housing,"Analysis of housing affordability within Travis County reveals a complex picture, characterized by a notably favorable trend for renter households where the proportion experiencing cost-burden significantly outperforms regional and national benchmarks, including the Austin, Dallas, and Wfsrca metropolitan areas. While Travis County’s cost-burdened renter rate remains below national averages, a concerning trend exists regarding owner households, exhibiting a substantially elevated level of cost-burden compared to the Austin MSA, Texas, and several peer communities. Despite this, Travis County continues to demonstrate a comparatively favorable trend in owner household cost-burden rates, outperforming the broader metropolitan area and most regional comparisons.","Travis County’s demographic trends reflect broader shifts in the u.s. and texas, particularly a sustained increase in hispanic population and a convergence in median age with the austin metropolitan area, presenting a positive trajectory. The county’s growth is primarily driven by international migration, mirroring patterns across the western africa region and texas, alongside natural change, while maintaining a strong and highly-educated workforce characterized by exceptional labor force participation and a leading adoption of remote work arrangements. Despite a concerning rise in cost-burden among owner households, the county’s housing market remains favorable for renter households, and while income poverty rates lag behind regional peers, the county’s snap participation aligns favorably with broader texas and u.s. trends, suggesting localized economic strengths warranting further analysis.",2023,2024,ACS_Series,"{""Label"": ""Calc-Cost Burden Owners""}",Change in percent of owner households that are cost-burdened,Percentage,Change in percent of owner households that are cost-burdened in the the geography from the previous to current year,"Between 2023 and 2024, Travis County experienced a change in of owner households that are cost-burdened of -0.1%.",Travis County's change in of owner households that are cost-burdened of -0.1% is 0.5 percentage points lower than Austin MSA (0.4%).,Travis County's change in of owner households that are cost-burdened of -0.1% is 0.6 percentage points lower than US (0.5%) and is 0.8 percentage points lower than Texas (0.7%).,Travis County's change in of owner households that are cost-burdened of -0.1% is 0.5 percentage points lower than its peer average (0.4%).,"Travis County's change in of owner households that are cost-burdened of -0.1% is lower than its peer average of 0.4%. Specifically, it is lower than Houston MSA (1.2%), WFSRCA Region (0.9%), San Antonio MSA (0.6%), Dallas MSA (0.5%), and Cedar Park, TX (0.1%), while being nearly the same as Austin City (-0.2%) and Fountain, CO (-0.1%).","Travis County demonstrates a comparatively favorable trend in owner household cost-burden rates, exhibiting a performance significantly lower than the broader metropolitan area, US, United States, San Antonio MSA, its peer average, Austin MSA, Austin City, Dallas MSA, Texas, WFSRCA Region.","Peer Detailed: Focus (Travis County): -0.1129 | Tol: +/-0.2000 | [Austin City (-0.2485): SIM] [Fountain, CO (-0.0954): SIM] [Cedar Park, TX (0.1465): Focus<Peer] [Dallas MSA (0.5194): Focus<Peer] [San Antonio MSA (0.5576): Focus<Peer] [WFSRCA Region (0.8918): Focus<Peer] [Houston MSA (1.2073): Focus<Peer] | Peer Avg: 0.4255 -> Eval: Avg Lower."
