Topic,Comparison Period,Current Period,Data Source,Variables,Metric,Metric Type,Description,Internal Insight,Comparative Insight (Broad),Comparative Insight (Benchmarks),Comparative Insight (Peers),Overall Insight
Population,2025,2025,components_of_change,"{""Value Type"": ""POPESTIMATE""}",Population,Numeric,Current population for the geography,Travis County's population reached 1.39 million residents in 2025.,"Travis County's population reached 1.39 million residents in 2025, representing approximately 53.0% of the broader Travis County MSA.","Travis County's population reached 1.39 million residents in 2025, representing approximately 4.4% of the size of Texas and US.","Travis County’s population reached 1.39 million residents in 2025, representing approximately 27.0% the size of its peer average.","Travis County's population reached 1.39 million residents in 2025, representing a significantly smaller portion of the broader Austin MSA, Texas and US, compared to its peer average."
Population,2024,2025,components_of_change,"{""Value Type"": ""POPESTIMATE""}",Recent Percentage Population Change,Percentage,Percent difference in population for the geography from previous to current,Travis County experienced a change of 1.1% in its population from 2024 to 2025.,Travis County experienced a change of 1.0 percentage points lower than Austin MSA.,Travis County experienced a change of 0.5 percentage points higher than the US and Texas average of 0.5% and 1.2% for Texas.,Travis County experienced a change of 0.8 percentage points lower than its peer average.,"Travis County experienced a population change that is lower than the US and Texas, but higher than the Austin MSA and its peer average."
Population,1990,2025,components_of_change,"{""Value Type"": ""POPESTIMATE""}",Cumulative Percentage Population Change,Percentage,Percent difference in population for the geography from 1990 to current,Travis County experienced a change of 1.4% in its cumulative population percentage from 1990 to 2025.,Travis County’s cumulative percentage population change from 1990 to 2025 is 68.5 percentage points lower than Austin MSA.,"Travis County exhibited a cumulative percentage population change of 102.3 percentage points higher than the US and Texas, with a final value of 1.4% compared to the US at 36.9% and Texas at 85.9%",Travis County’s cumulative population change from 1990 to 2025 represents a difference of 15.2 percentage points lower than its peer average.,"Travis County’s cumulative population percentage change from 1990 to 2025 is significantly lower than the US and Texas, and its peer average, while still exceeding the Austin MSA."
Drivers of Change,2025,2025,components_of_change,"{""Value Type"": ""NATURALCHG"", ""Value Type"": ""DOMESTICMIG"", ""Value Type"": ""INTERNATIONALMIG""}",Largest Driver of Change,Ordinal,Largest component of population change for the geography (or county-level counterpart) in current year,"Travis County experienced a change of +11,928 residents driven by international migration.","Travis County experienced a change of +11,928 residents driven by international migration, whereas the Austin MSA saw a larger change of +19,860 residents due to domestic migration.","Travis County experienced a change of +11,928 residents driven by international migration, significantly less than the +167,475 observed in Texas and US and the +1,262,202 recorded nationally.","Travis County experienced a change of +11,928 residents driven by international migration, whereas its combined peers saw a larger change of +141,556 residents also attributed to international migration.","Travis County experienced a population change of +11,928 residents driven by international migration, significantly lower than the change observed in Texas and US, and its combined peers, while the Austin MSA experienced a larger population change due to domestic migration."
Drivers of Change,2024,2025,components_of_change,"{""Value Type"": ""NATURALCHG"", ""Value Type"": ""DOMESTICMIG"", ""Value Type"": ""INTERNATIONALMIG""}",Recent Dynamics in Drivers of Change,Numeric,Difference in current largest component of population change for the geography (or county-level counterpart) from previous,"Travis County experienced a change of +11,928 residents driven by international migration.","Travis County experienced a change of +11,928 residents driven by international migration, whereas the Austin MSA saw a larger change of +19,860 residents due to domestic migration.","Travis County experienced a change of +11,928 residents driven by international migration, significantly less than the +167,475 observed in Texas and US and the +1,262,202 recorded nationally.","Travis County experienced a change of +11,928 residents driven by international migration, a difference of 129,628 compared to its combined peers who saw international migration contribute +141,556 residents.","Travis County experienced a population change of +11,928 residents driven by international migration, significantly lower than the levels observed in Texas and US, and its combined peers, while the Austin MSA saw a larger population change driven by domestic migration."
Drivers of Change,1990,2025,components_of_change,"{""Value Type"": ""NATURALCHG"", ""Value Type"": ""DOMESTICMIG"", ""Value Type"": ""INTERNATIONALMIG""}",Cumulative Dynamics in Drivers of Change,Numeric,Largest cumulative component of population change for the geography (or county-level counterpart) from 1990 to current year,"Travis County experienced a change of +344,450 residents due to Natural Change from 1990 to 2025.","Travis County experienced a change of +344,450 residents driven by natural change, whereas the Austin MSA saw a larger change of +914,030 residents driven by domestic migration.","Travis County’s largest driver of population change from 1990 to 2025 was natural change, which increased by +344,450, significantly less than the +7,064,462 observed in Texas and US or the +49,389,449 recorded nationally.","Travis County’s largest driver of population change from 1990 to 2025 was natural change, contributing +344,450 residents, a significantly smaller component than the +4,638,876 observed in its combined peers.","Travis County’s population growth from 1990 to 2025 was primarily driven by natural change, contributing +344,450 residents, which is lower than the change observed in Texas and US, and its combined peers, while the Austin MSA experienced a larger population change driven by domestic migration."
Demographics,2024,2024,population_pyramid,"{""Age Group Description""}",Largest Age Group,Ordinal,Largest cohort by age for the geography (or county-level counterpart) in current year,"Travis County’s largest age group in 2024 is the 30-to-34 cohort, comprising 272,962 individuals.","Travis County’s largest age group in 2024 is the 30 to 34 cohort, comprising 272,962 individuals, whereas the Austin MSA’s 30 to 34 cohort represents a significantly larger population of 460,230.","Travis County’s largest age group in 2024 is the 30 to 34 cohort, comprising 272,962 individuals, significantly smaller than the 47,990,000 in US and Texas, and the 4,660,000 in Travis County.","Travis County’s largest age group in 2024 is the 30 to 34 cohort, comprising 272,962 individuals, representing a smaller share compared to its combined peers with 3.06 million.","Travis County’s largest age group in 2024 is the 30 to 34 cohort, representing a smaller population compared to the US and Texas, Travis County, the Austin MSA, and its combined peers."
Demographics,2023,2024,population_pyramid,"{""Age Group Description""}",Largest Change in Age Group,Numeric,Largest change in age cohort for the geography (or county-level counterpart) from previous to current,"Travis County experienced a change of +4,788 individuals within the 75 to 79 age group between 2023 and 2024.","Travis County experienced a change of +4,788 individuals in the 75 to 79 age bracket, whereas the Austin MSA demonstrated a larger change of +13,844 in the 40 to 44 cohort.","Travis County experienced a change of +4,788 in the 75 to 79 age bracket, significantly contrasting with the US and Texas’s increase of +1,226,444 in the same cohort.","Travis County experienced a change of +4,788 individuals in the 75 to 79 age bracket, contrasting with the 20 to 24 cohort which saw a larger increase of +93,014 among its combined peers.","Travis County experienced a notable increase in its population within the 75 to 79 age group, contrasting with the larger growth observed in the 40 to 44 cohort within US and Texas, and significantly differing from the growth seen in the 20 to 24 age group among its combined peers."
Demographics,2024,2024,population_pyramid,"{""Variable Group Description""}",Largest Race-Ethnicity Group,Ordinal,Largest cohort by race-ethnicity for the geography (or county-level counterpart) in current year,"Travis County’s largest race-ethnicity group in 2024 is the White population, with 637,377 residents.","Travis County’s largest race-ethnicity group was the White population, comprising 637,377 residents, while the Austin MSA’s White population reached 1,230,378.","Travis County’s largest demographic in 2024 was the white population, comprising 637,377 residents, while Texas and US is predominantly driven by its Hispanic population of 12.60 million.","Travis County’s largest demographic in 2024 was the White population, comprising 637,377 residents, while the combined peers of Travis County, including its combined peers, had a White population of 7,520,357.","Travis County’s largest race-ethnicity group in 2024 was the White population, which represents a significant portion compared to the Travis County, Austin MSA, Texas and US, and its combined peers."
Demographics,2023,2024,population_pyramid,"{""Variable Group Description""}",Largest Change in Race-Ethnicity Group,Numeric,Largest change in race-ethnicity cohort for the geography (or county-level counterpart) from previous to current,"Travis County experienced a change of +9,098 in the Hispanic race-ethnicity group from 2023 to 2024.","Travis County experienced a change of +9,098 in the Hispanic race-ethnicity group, whereas the Austin MSA saw a larger change of +27,834 in the same group.","Travis County experienced a change of +9,098 in the Hispanic race-ethnicity group, significantly smaller than the +1,943,997 increase observed in the US and Texas, or the +336,138 increase observed in Travis County.","Travis County experienced a change of +9,098 in the hispanic race-ethnicity group, significantly smaller than the change of +254,883 observed in its combined peers.","Travis County experienced a change of +9,098 in the hispanic race-ethnicity group, which is smaller than the increases observed in its combined peers, US and Texas, and Travis County."
Demographics,2024,2024,ACS_Series,"{""Label"": ""Calc-Median Age""}",Median Age,Numeric,Median age of population for the geography in current year,"Travis County, Texas, has a median age of 35.6 years.","Travis County, Texas, had a median age of 35.6 years, 0.4 years younger than the Austin-Round Rock-San Marcos, TX Metro Area.","Travis County, Texas, has a median age of 35.6, which is identical to Texas and lower than the United States median age of 38.9.","Travis County, Texas, exhibited a median age of 35.6 years, 0.3 years older than its peer average.","Travis County, Texas, has a median age of 35.6 years, aligning with the Texas and United States averages while being slightly older than its peer average and 0.4 years younger than the Austin-Round Rock-San Marcos, TX Metro Area, TX."
Demographics,2023,2024,ACS_Series,"{""Label"": ""Calc-Median Age""}",Change in Median Age,Numeric,Change in median age of population for the geography from previous to current year,"Travis County, Texas experienced a change of +0.1 in its median age from 2023 to 2024.","Travis County, Texas, experienced a change of +0.1 in its median age, identical to the change observed in the Austin-Round Rock-San Marcos, TX Metro Area.","Travis County, Texas, experienced a change of +0.1 in its median age from 2023 to 2024, which is identical to the change observed in Texas and United States.","Travis County, Texas experienced a change of +0.1 years in median age, representing a difference of 0.1 years older than its peer average.","Travis County, Texas experienced a change in median age consistent with the broader Austin-Round Rock-San Marcos, TX Metro Area, Texas and United States, as well as its peer average."
Workforce,2024,2024,ACS_Series,"{""Label"": ""Calc-Bachelors"", ""Label"": ""Calc-Graduate""}",Percent of 25+ population with Bachelor's degree or more education,Percentage,Percent of 25+ population with a bachelor's degree or more education in the the geography in the current year,"Travis County, Texas has 21.6% of the 25+ population with a bachelor’s degree or more education.","Travis County, Texas, reports 21.6% of its 25+ population with a bachelor’s degree or more education, 2.5 percentage points higher than the Austin-Round Rock-San Marcos, TX Metro Area.","Travis County, Texas, demonstrates 21.6% of its 25+ population with a bachelor’s degree or more education, 9.3 percentage points higher than Texas and United States at 12.3%.","Travis County, Texas, has 21.6% of its 25+ population with a bachelor’s degree or more education, 6.2 percentage points higher than its peer average.","Austin-Round Rock-San Marcos, TX Metro Area has a 21.6% of its 25+ population with a bachelor’s degree or more education, which is higher than the Texas and United States benchmarks, as well as its peer average."
Workforce,2023,2024,ACS_Series,"{""Label"": ""Calc-Bachelors"", ""Label"": ""Calc-Graduate""}",Change in percent of 25+ population with Bachelor's degree or more education,Percentage,Change in percent of 25+ population with a bachelor's degree or more education in the the geography from the previous to current year,"Travis County, Texas saw a change of 0.8% in the percent of the 25+ population with a bachelor’s degree or more education from 2023 to 2024.","Travis County, Texas, experienced a change of 0.0 percentage points higher than the Austin-Round Rock-San Marcos, TX Metro Area in the percent of the 25+ population with a bachelor’s degree or more education.","Travis County, Texas, experienced a change of 0.5 percentage points higher than the United States and Texas in the percent of the 25+ population with a bachelor’s degree or more education.","Travis County, Texas saw a change of 0.1 percentage points higher than its peer average in the percent of the 25+ population with a bachelor’s degree or more education.","Travis County, Texas demonstrated a notable increase in the percent of its 25+ population with a bachelor’s degree or more education, surpassing the Austin-Round Rock-San Marcos, TX Metro Area benchmarks."
Income,2024,2024,ACS_Series,"{""Label"": ""Calc-Pop below poverty line""}",Percent of population below poverty line,Percentage,Percent of population below poverty line in the the geography in the current year,"Travis County, Texas has a poverty rate of 10.9%.","Travis County, Texas, reported 10.9% of its population below the poverty line, 1.1 percentage points higher than the Austin-Round Rock-San Marcos, TX Metro Area.","Travis County, Texas, recorded 10.9% of its population below the poverty line, 1.6 percentage points lower than the United States and Texas average of 12.5%.","Travis County, Texas, recorded 10.9% of its population below the poverty line, 0.2 percentage points higher than its peer average.","Travis County, Texas has a poverty rate of 10.9%, which is higher than the Austin-Round Rock-San Marcos, TX Metro Area and its peer average, but lower than the United States and Texas averages."
Income,2023,2024,ACS_Series,"{""Label"": ""Calc-Pop below poverty line""}",Change in percent of population below poverty line,Percentage,Change in percent of population below poverty line in the the geography from the previous to current year,"Travis County, Texas experienced a change of -0.1% in the percent of its population below the poverty line from 2023 to 2024.","Travis County, Texas, experienced a change of -0.1% in the percent of its population below the poverty line, which is identical to the change observed in the Austin-Round Rock-San Marcos, TX Metro Area.","Travis County, Texas experienced a change of -0.1% in the percent of its population below the poverty line compared to a 0.1% increase in Texas and United States.","Travis County, Texas saw a change of 0.3 percentage points lower than its peer average.","Travis County, Texas experienced a decrease in the percent of its population below the poverty line, aligning with the Austin-Round Rock-San Marcos, TX Metro Area and representing a lower change than Texas and United States, as well as 0.3 percentage points below the average of its peer average."
Income,2024,2024,ACS_Series,"{""Label"": ""Calc-SNAP""}",Percent of households receiving SNAP,Percentage,Percent of households receiving SNAP in the the geography in the current year,"Travis County, Texas had 5.6% of households receiving SNAP in 2024.","Travis County, Texas, recorded 5.6% of households receiving SNAP, 0.2 percentage points higher than the 5.4% observed in the Austin-Round Rock-San Marcos, TX Metro Area.","Travis County, Texas, recorded 5.6% of households receiving SNAP, 5.8 percentage points lower than the statewide rate in Texas and United States.","Travis County, Texas, recorded 5.6% of households receiving SNAP, 2.6 percentage points lower than its peer average.","Travis County, Texas recorded 5.6% of households receiving SNAP, which is lower than the Austin-Round Rock-San Marcos, TX Metro Area and its peer average, but slightly higher than the Texas and United States averages."
Income,2023,2024,ACS_Series,"{""Label"": ""Calc-SNAP""}",Change in percent of households receiving SNAP,Percentage,Change in percent of households receiving SNAP in the the geography from the previous to current year,"Travis County, Texas experienced a change of -0.4% in the percent of households receiving SNAP from 2023 to 2024.","Travis County, Texas experienced a change of -0.1 percentage points, lower than the -0.3 percentage points observed in the Austin-Round Rock-San Marcos, TX Metro Area.","Travis County, Texas, experienced a change of -0.3 percentage points compared to Texas and United States, which recorded a change of -0.1 percentage points, resulting in a rate 0.3 percentage points lower than the state.","Travis County, Texas experienced a change of 0.4 percentage points lower than its peer average.","Travis County, Texas experienced a decrease in the percent of households receiving SNAP, which is lower than the Austin-Round Rock-San Marcos, TX Metro Area and its peer average, but higher than the Texas and United States benchmarks."
Workforce,2024,2024,ACS_Series,"{""Label"": ""Calc-LFPR""}",Labor force participation rate,Percentage,Labor force participation rate in the the geography in the current year,"Travis County, Texas, exhibited a labor force participation rate of 73.3% in 2024.","Travis County, Texas, exhibits a labor force participation rate of 73.3%, 1.9 percentage points higher than the Austin-Round Rock-San Marcos, TX Metro Area’s rate of 71.4%.","Travis County, Texas, exhibited a labor force participation rate of 73.3%, 9.8 percentage points higher than the United States and Texas average of 63.5%.","Travis County, Texas, exhibits a labor force participation rate of 73.3%, which is 4.0 percentage points higher than its peer average.","Travis County, Texas, demonstrates a labor force participation rate of 73.3%, which is notably higher than the Austin-Round Rock-San Marcos, TX Metro Area, Travis County, Texas, and its peer average."
Workforce,2023,2024,ACS_Series,"{""Label"": ""Calc-LFPR""}",Change in labor force participation rate,Percentage,Change in labor force participation rate in the the geography from the previous to current year,"Travis County, Texas experienced a change of 0.1% in its labor force participation rate from 2023 to 2024.","Travis County, Texas, experienced a change of 0.0 percentage points higher than the Austin-Round Rock-San Marcos, TX Metro Area.","Travis County, Texas, experienced a change of 0.2 percentage points higher in its labor force participation rate compared to the United States and Texas.","Travis County, Texas, experienced a change of 0.1 percentage points lower than its peer average.","Travis County, Texas experienced a change in its labor force participation rate that was lower than its peer average, but higher than the Austin-Round Rock-San Marcos, TX Metro Area and benchmarks for the United States and Texas."
Workforce,2024,2024,ACS_Series,"{""Label"": ""Calc-Worked from home""}",Percent of workers working from home,Percentage,Percent of workers working from home in the the geography in the current year,"Travis County, Texas reported 30.2% of workers working from home in 2024.","Travis County, Texas, reported 30.2% of workers working from home, 3.4 percentage points higher than the Austin-Round Rock-San Marcos, TX Metro Area's 26.8%.","Travis County, Texas, reported 30.2% of workers working from home, 15.8 percentage points higher than Texas and United States at 14.4% and 0.7 percentage points higher than Texas and United States at 15.1%.","Travis County, Texas, reported 30.2% of workers working from home, 10.4 percentage points higher than its peer average.","Travis County, Texas reported a significantly higher percentage of workers working from home in 2024 compared to the Austin-Round Rock-San Marcos, TX Metro Area, Travis County, Texas, Texas and United States, and its peer average."
Workforce,2023,2024,ACS_Series,"{""Label"": ""Calc-Worked from home""}",Change in percent of workers working from home,Percentage,Change in percent of workers working from home in the the geography from the previous to current year,"Travis County, Texas saw a change of 3.0 percentage points in the percent of workers working from home from 2023 to 2024.","Travis County, Texas exhibited a change of 0.5 percentage points higher in the percent of workers working from home compared to the Austin-Round Rock-San Marcos, TX Metro Area.","Travis County, Texas, exhibited a change of 1.5 percentage points higher in the percent of workers working from home compared to Texas and United States.","Travis County, Texas showed a change of 0.9 percentage points higher than its peer average.","Travis County, Texas demonstrated a significant increase in the percentage of workers working from home, exceeding both the Austin-Round Rock-San Marcos, TX Metro Area and its peer average, as well as the Texas and United States benchmarks."
Housing,2024,2024,ACS_Series,"{""Label"": ""Calc-Cost Burden Renters""}",Percent of renter households that are cost-burdened,Percentage,Percent of renter households that are cost-burdened in the the geography in the current year,"Travis County, Texas has 48.5% of renter households cost-burdened.","Travis County, Texas, reports 48.5% of renter households are cost-burdened, 0.7 percentage points lower than the 49.1% observed in Austin-Round Rock-San Marcos, TX Metro Area.","Travis County, Texas, exhibits 2.6 percentage points lower cost-burden rates at 48.5% compared to the United States and Texas at 51.1% and 51.7%.","Travis County, Texas, exhibits a 5.7 percentage points lower rate of 48.5% for the percent of renter households that are cost-burdened compared to its peer average of 54.2%","Austin-Round Rock-San Marcos, TX Metro Area and Travis County, Texas exhibits a lower rate of 48.5% for the percent of renter households that are cost-burdened compared to the United States and Texas, and its peer average."
Housing,2023,2024,ACS_Series,"{""Label"": ""Calc-Cost Burden Renters""}",Change in percent of renter households that are cost-burdened,Percentage,Change in percent of renter households that are cost-burdened in the the geography from the previous to current year,"Travis County, Texas experienced a change of 0.9% in the percent of renter households that are cost-burdened.","Travis County, Texas, experienced a change of 0.2 percentage points higher in the percent of renter households that are cost-burdened compared to the Austin-Round Rock-San Marcos, TX Metro Area.","Travis County, Texas experienced a change of 0.1 percentage points higher than the United States and Texas in the percent of renter households that are cost-burdened.","Travis County, Texas, experienced a change of 1.0 percentage points lower than its peer average.","Travis County, Texas experienced a change in the percent of renter households that are cost-burdened, which is higher than the Austin-Round Rock-San Marcos, TX Metro Area and the United States and Texas, but lower than its peer average."
Housing,2024,2024,ACS_Series,"{""Label"": ""Calc-Cost Burden Owners""}",Percent of owner households that are cost-burdened,Percentage,Percent of owner households that are cost-burdened in the the geography in the current year,"Travis County, Texas has 24.1% of owner households cost-burdened.","Travis County, Texas, reports 24.1% of owner households are cost-burdened, 0.9 percentage points higher than the Austin-Round Rock-San Marcos, TX Metro Area.","Travis County, Texas, exhibits 1.5 percentage points higher cost-burden among owner households at 24.1% compared to Texas and United States at 22.6% and 22.7%.","Travis County, Texas, reports 24.1% of owner households are cost-burdened, 1.0 percentage points higher than its peer average.","Travis County, Texas has 24.1% of owner households cost-burdened, which is higher than the Austin-Round Rock-San Marcos, TX Metro Area average, as well as its peer average."
Housing,2023,2024,ACS_Series,"{""Label"": ""Calc-Cost Burden Owners""}",Change in percent of owner households that are cost-burdened,Percentage,Change in percent of owner households that are cost-burdened in the the geography from the previous to current year,"Travis County, Texas experienced a change of -0.1% in the percent of owner households that are cost-burdened from 2023 to 2024.","Travis County experienced a change of negative one point five percentage points, 0.5 percentage points lower than the Austin-Round Rock-San Marcos, TX Metro Area.","Travis County, Texas experienced a change of 0.6 percentage points lower than the United States and Texas.","Travis County, Texas experienced a change of negative zero-five percentage points, resulting in a rate 0.5 percentage points lower than its peer average.","Travis County, Texas experienced a decrease in the percent of owner households that are cost-burdened, resulting in a rate lower than the Austin-Round Rock-San Marcos, TX Metro Area, the United States and Texas, and its peer average."
